<?xml version="1.0" encoding="UTF-8"?>
<project version="4">
  <component name="ChangeListManager">
    <list default="true" id="ad4dcfa8-4ee1-4f2c-9472-ff50018629a4" name="Changes" comment="" />
    <option name="SHOW_DIALOG" value="false" />
    <option name="HIGHLIGHT_CONFLICTS" value="true" />
    <option name="HIGHLIGHT_NON_ACTIVE_CHANGELIST" value="false" />
    <option name="LAST_RESOLUTION" value="IGNORE" />
  </component>
  <component name="ConsoleHistory">
    <option name="tabs">
      <list>
        <TabState>
          <option name="title" value="Console" />
          <tab>
            <model ref="17ffbe85-e8e3-4e21-8e86-f8911eafc579/r:d407dded-524b-4ce6-ae6c-9f393d8c67df(TempModule17ffbe85-e8e3-4e21-8e86-f8911eafc579/ConsoleModel_699172659656700)">
              <persistence version="9" />
              <languages>
                <devkit ref="70d3d6da-af63-483d-a75f-9c8acf8de332(jetbrains.mps.console.devkit)" />
              </languages>
              <imports />
              <registry>
                <language id="de1ad86d-6e50-4a02-b306-d4d17f64c375" name="jetbrains.mps.console.base">
                  <concept id="1583916890557930028" name="jetbrains.mps.console.base.structure.ConsoleRoot" flags="ng" index="aymSD">
                    <child id="1583916890557930415" name="history" index="aymYE" />
                    <child id="1583916890557930417" name="commandHolder" index="aymYO" />
                    <child id="9025248442620242919" name="cursor" index="1PhJh3" />
                  </concept>
                  <concept id="5758176878586720817" name="jetbrains.mps.console.base.structure.CommandHolderRef" flags="ng" index="2_V_lH">
                    <reference id="5758176878586720818" name="target" index="2_V_lI" />
                  </concept>
                  <concept id="351968380916615243" name="jetbrains.mps.console.base.structure.CommandHolder" flags="ng" index="2Clz$F" />
                  <concept id="757553790980850366" name="jetbrains.mps.console.base.structure.History" flags="ng" index="3balQm" />
                </language>
              </registry>
              <node concept="aymSD" id="Z2_mcemuEd">
                <node concept="3balQm" id="Z2_mcemuEe" role="aymYE" />
                <node concept="2Clz$F" id="Z2_mcemuEf" role="aymYO" />
                <node concept="2_V_lH" id="Z2_mcemuEg" role="1PhJh3">
                  <ref role="2_V_lI" node="Z2_mcemuEf" />
                </node>
              </node>
            </model>
          </tab>
        </TabState>
      </list>
    </option>
  </component>
  <component name="DefaultSearchOptions3">
    <search_options>
      <finders>
        <finders />
      </finders>
      <scope>
        <scope_type scope_type="PROJECT" module="&lt;default&gt;" model="&lt;default&gt;" />
      </scope>
      <view>
        <flags show_one_result="true" new_tab="false" />
      </view>
    </search_options>
  </component>
  <component name="MPSBookmarkManager">
    <option name="myBookmarkInfos">
      <array>
        <BookmarkInfo />
        <BookmarkInfo />
        <BookmarkInfo />
        <BookmarkInfo />
        <BookmarkInfo />
        <BookmarkInfo />
        <BookmarkInfo />
        <BookmarkInfo />
        <BookmarkInfo />
        <BookmarkInfo />
      </array>
    </option>
  </component>
  <component name="MessagesViewTool">
    <option name="defaultListState">
      <MessageListState>
        <option name="autoscrollToSource" value="true" />
        <option name="info" value="true" />
        <option name="warnings" value="true" />
      </MessageListState>
    </option>
  </component>
  <component name="ProjectColorInfo">{
  &quot;customColor&quot;: &quot;&quot;,
  &quot;associatedIndex&quot;: 8
}</component>
  <component name="ProjectId" id="2ySdUZDiMjNvr2aOZzrmBc5PWLe" />
  <component name="ProjectPluginManager">
    <option name="pluginsState">
      <option name="jetbrains.mps.ide.actions.Ide_ProjectPlugin">
        <value>
          <PluginState>
            <option name="myComponentsState">
              <list>
                <ComponentState>
                  <option name="first" value="jetbrains.mps.ide.actions.BehaviorDialogsPersistentOptions_PreferencesComponent" />
                  <params>
                    <option name="addReturnsOnImplement" value="false" />
                    <option name="sortAlphabetically" value="false" />
                    <option name="removeAttributes" value="true" />
                  </params>
                </ComponentState>
              </list>
            </option>
          </PluginState>
        </value>
      </option>
    </option>
  </component>
  <component name="ProjectView">
    <navigator currentView="ProjectPane" proportions="" version="1" />
    <panes>
      <pane id="ProjectPane">
        <subPane>
          <expand>
            <path>
              <item name="" type="a3d0baea:RootLogicalProjectViewNode" />
              <item name="MPS Project [dot-based_dsl] " type="2ccce88f:TopHierarchyProjectViewNode$TopProjectViewNode" />
            </path>
            <path>
              <item name="" type="a3d0baea:RootLogicalProjectViewNode" />
              <item name="MPS Project [dot-based_dsl] " type="2ccce88f:TopHierarchyProjectViewNode$TopProjectViewNode" />
              <item name="MiniDOT.sandbox [solution]" type="97b3832:SolutionProjectViewNode" />
            </path>
            <path>
              <item name="" type="a3d0baea:RootLogicalProjectViewNode" />
              <item name="MPS Project [dot-based_dsl] " type="2ccce88f:TopHierarchyProjectViewNode$TopProjectViewNode" />
              <item name="MiniDOT.sandbox [solution]" type="97b3832:SolutionProjectViewNode" />
              <item name="'MiniDOT'" type="3ff8ed02:BaseVirtualFolderProjectViewNode$ModelsVirtualFolderProjectViewNode" />
            </path>
            <path>
              <item name="" type="a3d0baea:RootLogicalProjectViewNode" />
              <item name="MPS Project [dot-based_dsl] " type="2ccce88f:TopHierarchyProjectViewNode$TopProjectViewNode" />
              <item name="MiniDOT.sandbox [solution]" type="97b3832:SolutionProjectViewNode" />
              <item name="'MiniDOT'" type="3ff8ed02:BaseVirtualFolderProjectViewNode$ModelsVirtualFolderProjectViewNode" />
              <item name="r:42f5eb31-24b0-44d9-b96f-18ed70c1bc41(MiniDOT.sandbox) in IdeaFile[path: C:/Research project/MiniDOT.sandbox/models/MiniDOT.sandbox.mps]" type="150f8c45:ModelHierarchyProjectViewNode" />
            </path>
            <path>
              <item name="" type="a3d0baea:RootLogicalProjectViewNode" />
              <item name="MPS Project [dot-based_dsl] " type="2ccce88f:TopHierarchyProjectViewNode$TopProjectViewNode" />
              <item name="MiniDOT [language]" type="cd46e9f6:LanguageProjectViewNode" />
            </path>
            <path>
              <item name="" type="a3d0baea:RootLogicalProjectViewNode" />
              <item name="MPS Project [dot-based_dsl] " type="2ccce88f:TopHierarchyProjectViewNode$TopProjectViewNode" />
              <item name="MiniDOT [language]" type="cd46e9f6:LanguageProjectViewNode" />
              <item name="r:e35f08fc-b375-484b-ad86-33df2dbf9619(MiniDOT.structure) in IdeaFile[path: C:/Research project/MPS/models/MiniDOT.structure.mps]" type="79b3f1f3:LanguageProjectViewNode$LanguageAspectProjectViewNode" />
            </path>
            <path>
              <item name="" type="a3d0baea:RootLogicalProjectViewNode" />
              <item name="MPS Project [dot-based_dsl] " type="2ccce88f:TopHierarchyProjectViewNode$TopProjectViewNode" />
              <item name="MiniDOT [language]" type="cd46e9f6:LanguageProjectViewNode" />
              <item name="r:2f5f6491-13e9-46c3-b821-6db30753dffa(MiniDOT.constraints) in IdeaFile[path: C:/Research project/MPS/models/MiniDOT.constraints.mps]" type="79b3f1f3:LanguageProjectViewNode$LanguageAspectProjectViewNode" />
            </path>
            <path>
              <item name="" type="a3d0baea:RootLogicalProjectViewNode" />
              <item name="MPS Project [dot-based_dsl] " type="2ccce88f:TopHierarchyProjectViewNode$TopProjectViewNode" />
              <item name="MiniDOT [language]" type="cd46e9f6:LanguageProjectViewNode" />
              <item name="r:f43915a9-eb0c-4279-8385-df26de4f1996(MiniDOT.behavior) in IdeaFile[path: C:/Research project/MPS/models/MiniDOT.behavior.mps]" type="79b3f1f3:LanguageProjectViewNode$LanguageAspectProjectViewNode" />
            </path>
            <path>
              <item name="" type="a3d0baea:RootLogicalProjectViewNode" />
              <item name="MPS Project [dot-based_dsl] " type="2ccce88f:TopHierarchyProjectViewNode$TopProjectViewNode" />
              <item name="MiniDOT [language]" type="cd46e9f6:LanguageProjectViewNode" />
              <item name="r:b881cb78-b047-44ef-ba06-8a30249acae7(MiniDOT.textGen) in IdeaFile[path: C:/Research project/MPS/models/MiniDOT.textGen.mps]" type="79b3f1f3:LanguageProjectViewNode$LanguageAspectProjectViewNode" />
            </path>
            <path>
              <item name="" type="a3d0baea:RootLogicalProjectViewNode" />
              <item name="'Checkpoints and Transient Models'" type="62004a8a:TopHierarchyProjectViewNode$TransientsProjectViewNode" />
            </path>
            <path>
              <item name="" type="a3d0baea:RootLogicalProjectViewNode" />
              <item name="'Checkpoints and Transient Models'" type="62004a8a:TopHierarchyProjectViewNode$TransientsProjectViewNode" />
              <item name="MiniDOT.sandbox@transient0 [transient models module]" type="da8cad93:TopHierarchyProjectViewNode$TransientModuleProjectViewNode" />
            </path>
            <path>
              <item name="" type="a3d0baea:RootLogicalProjectViewNode" />
              <item name="'Checkpoints and Transient Models'" type="62004a8a:TopHierarchyProjectViewNode$TransientsProjectViewNode" />
              <item name="MiniDOT.sandbox@transient0 [transient models module]" type="da8cad93:TopHierarchyProjectViewNode$TransientModuleProjectViewNode" />
              <item name="'MiniDOT'" type="3ff8ed02:BaseVirtualFolderProjectViewNode$ModelsVirtualFolderProjectViewNode" />
            </path>
            <path>
              <item name="" type="a3d0baea:RootLogicalProjectViewNode" />
              <item name="'Checkpoints and Transient Models'" type="62004a8a:TopHierarchyProjectViewNode$TransientsProjectViewNode" />
              <item name="MiniDOT.sandbox@transient0 [transient models module]" type="da8cad93:TopHierarchyProjectViewNode$TransientModuleProjectViewNode" />
              <item name="'MiniDOT'" type="3ff8ed02:BaseVirtualFolderProjectViewNode$ModelsVirtualFolderProjectViewNode" />
              <item name="jetbrains.mps.generator.TransientModelsModule$TransientSModelDescriptor@7de3cb98" type="195c9b0:BranchProjectViewNode$TransientModelsVirtualFolderHierarchy$1" />
            </path>
          </expand>
          <select />
          <presentation>
            <attributes />
            <data isLeaf="false" text="" />
            <item name="" type="a3d0baea:RootLogicalProjectViewNode" />
            <presentation>
              <attributes />
              <data iconPath="expui/nodes/homeFolder.svg" iconPlugin="com.intellij" isLeaf="false" text="" />
              <item name="MPS Project [dot-based_dsl] " type="2ccce88f:TopHierarchyProjectViewNode$TopProjectViewNode" />
              <presentation>
                <attributes />
                <data iconPath="expUi/nodes/solution.svg" iconPlugin="com.intellij" isLeaf="false" text="MiniDOT.sandbox" />
                <item name="MiniDOT.sandbox [solution]" type="97b3832:SolutionProjectViewNode" />
                <presentation>
                  <attributes />
                  <data iconPath="expui/nodes/folder.svg" iconPlugin="com.intellij" isLeaf="false" text="MiniDOT" />
                  <item name="'MiniDOT'" type="3ff8ed02:BaseVirtualFolderProjectViewNode$ModelsVirtualFolderProjectViewNode" />
                  <presentation>
                    <attributes />
                    <data iconPath="expUi/nodes/model.svg" iconPlugin="com.intellij" isLeaf="false" text="" />
                    <item name="r:42f5eb31-24b0-44d9-b96f-18ed70c1bc41(MiniDOT.sandbox) in IdeaFile[path: C:/Research project/MiniDOT.sandbox/models/MiniDOT.sandbox.mps]" type="150f8c45:ModelHierarchyProjectViewNode" />
                    <presentation>
                      <attributes />
                      <data iconPath="expUi/nodes/rootNode.svg" iconPlugin="com.intellij" isLeaf="true" text="Graph" />
                      <item name="(instance of Graph)" type="dedc1bdc:SimpleNodeProjectViewNode" />
                    </presentation>
                  </presentation>
                </presentation>
              </presentation>
              <presentation>
                <attributes />
                <data iconPath="expUi/nodes/language.svg" iconPlugin="com.intellij" isLeaf="false" text="MiniDOT" />
                <item name="MiniDOT [language]" type="cd46e9f6:LanguageProjectViewNode" />
                <presentation>
                  <attributes />
                  <data isLeaf="false" text="structure" />
                  <item name="r:e35f08fc-b375-484b-ad86-33df2dbf9619(MiniDOT.structure) in IdeaFile[path: C:/Research project/MPS/models/MiniDOT.structure.mps]" type="79b3f1f3:LanguageProjectViewNode$LanguageAspectProjectViewNode" />
                  <presentation>
                    <attributes />
                    <data isLeaf="true" text="Attribute" />
                    <item name="Attribute" type="dedc1bdc:SimpleNodeProjectViewNode" />
                  </presentation>
                  <presentation>
                    <attributes />
                    <data isLeaf="true" text="AttributeList" />
                    <item name="AttributeList" type="dedc1bdc:SimpleNodeProjectViewNode" />
                  </presentation>
                  <presentation>
                    <attributes />
                    <data isLeaf="true" text="Edge" />
                    <item name="Edge" type="dedc1bdc:SimpleNodeProjectViewNode" />
                  </presentation>
                  <presentation>
                    <attributes />
                    <data isLeaf="true" text="EdgeTarget" />
                    <item name="EdgeTarget" type="dedc1bdc:SimpleNodeProjectViewNode" />
                  </presentation>
                  <presentation>
                    <attributes />
                    <data isLeaf="true" text="Graph" />
                    <item name="Graph" type="dedc1bdc:SimpleNodeProjectViewNode" />
                  </presentation>
                  <presentation>
                    <attributes />
                    <data isLeaf="true" text="ID" />
                    <item name="ID" type="dedc1bdc:SimpleNodeProjectViewNode" />
                  </presentation>
                  <presentation>
                    <attributes />
                    <data isLeaf="true" text="Node" />
                    <item name="Node" type="dedc1bdc:SimpleNodeProjectViewNode" />
                  </presentation>
                  <presentation>
                    <attributes />
                    <data isLeaf="true" text="SingleLineComment" />
                    <item name="SingleLineComment" type="dedc1bdc:SimpleNodeProjectViewNode" />
                  </presentation>
                  <presentation>
                    <attributes />
                    <data isLeaf="true" text="Statement" />
                    <item name="Statement" type="dedc1bdc:SimpleNodeProjectViewNode" />
                  </presentation>
                </presentation>
                <presentation>
                  <attributes />
                  <data isLeaf="false" text="editor" />
                  <item name="r:2d4ae4fb-701b-4984-9ee1-4e3dcdfebff9(MiniDOT.editor) in IdeaFile[path: C:/Research project/MPS/models/MiniDOT.editor.mps]" type="79b3f1f3:LanguageProjectViewNode$LanguageAspectProjectViewNode" />
                </presentation>
                <presentation>
                  <attributes />
                  <data isLeaf="false" text="constraints" />
                  <item name="r:2f5f6491-13e9-46c3-b821-6db30753dffa(MiniDOT.constraints) in IdeaFile[path: C:/Research project/MPS/models/MiniDOT.constraints.mps]" type="79b3f1f3:LanguageProjectViewNode$LanguageAspectProjectViewNode" />
                  <presentation>
                    <attributes />
                    <data isLeaf="true" text="ID_Constraints" />
                    <item name="(instance of ConceptConstraints)" type="dedc1bdc:SimpleNodeProjectViewNode" />
                  </presentation>
                </presentation>
                <presentation>
                  <attributes />
                  <data isLeaf="false" text="behavior" />
                  <item name="r:f43915a9-eb0c-4279-8385-df26de4f1996(MiniDOT.behavior) in IdeaFile[path: C:/Research project/MPS/models/MiniDOT.behavior.mps]" type="79b3f1f3:LanguageProjectViewNode$LanguageAspectProjectViewNode" />
                  <presentation>
                    <attributes />
                    <data isLeaf="true" text="AttributeList_Behavior" />
                    <item name="(instance of ConceptBehavior)" type="dedc1bdc:SimpleNodeProjectViewNode" />
                  </presentation>
                  <presentation>
                    <attributes />
                    <data isLeaf="true" text="EdgeTarget_Behavior" />
                    <item name="(instance of ConceptBehavior)" type="dedc1bdc:SimpleNodeProjectViewNode" />
                  </presentation>
                  <presentation>
                    <attributes />
                    <data isLeaf="true" text="Statement_Behavior" />
                    <item name="(instance of ConceptBehavior)" type="dedc1bdc:SimpleNodeProjectViewNode" />
                  </presentation>
                </presentation>
                <presentation>
                  <attributes />
                  <data isLeaf="true" text="typesystem" />
                  <item name="r:0097f0fd-c5de-472a-98c1-a1c344cf8ab5(MiniDOT.typesystem) in IdeaFile[path: C:/Research project/MPS/models/MiniDOT.typesystem.mps]" type="79b3f1f3:LanguageProjectViewNode$LanguageAspectProjectViewNode" />
                </presentation>
                <presentation>
                  <attributes />
                  <data isLeaf="false" text="textGen" />
                  <item name="r:b881cb78-b047-44ef-ba06-8a30249acae7(MiniDOT.textGen) in IdeaFile[path: C:/Research project/MPS/models/MiniDOT.textGen.mps]" type="79b3f1f3:LanguageProjectViewNode$LanguageAspectProjectViewNode" />
                  <presentation>
                    <attributes />
                    <data isLeaf="true" text="Attribute_TextGen" />
                    <item name="(instance of ConceptTextGenDeclaration)" type="dedc1bdc:SimpleNodeProjectViewNode" />
                  </presentation>
                  <presentation>
                    <attributes />
                    <data isLeaf="true" text="AttributeList_TextGen" />
                    <item name="(instance of ConceptTextGenDeclaration)" type="dedc1bdc:SimpleNodeProjectViewNode" />
                  </presentation>
                  <presentation>
                    <attributes />
                    <data isLeaf="true" text="Edge_TextGen" />
                    <item name="(instance of ConceptTextGenDeclaration)" type="dedc1bdc:SimpleNodeProjectViewNode" />
                  </presentation>
                  <presentation>
                    <attributes />
                    <data isLeaf="true" text="EdgeTarget_TextGen" />
                    <item name="(instance of ConceptTextGenDeclaration)" type="dedc1bdc:SimpleNodeProjectViewNode" />
                  </presentation>
                  <presentation>
                    <attributes />
                    <data isLeaf="true" text="Graph_TextGen" />
                    <item name="(instance of ConceptTextGenDeclaration)" type="dedc1bdc:SimpleNodeProjectViewNode" />
                  </presentation>
                  <presentation>
                    <attributes />
                    <data isLeaf="true" text="ID_TextGen" />
                    <item name="(instance of ConceptTextGenDeclaration)" type="dedc1bdc:SimpleNodeProjectViewNode" />
                  </presentation>
                  <presentation>
                    <attributes />
                    <data isLeaf="true" text="Node_TextGen" />
                    <item name="(instance of ConceptTextGenDeclaration)" type="dedc1bdc:SimpleNodeProjectViewNode" />
                  </presentation>
                </presentation>
                <presentation>
                  <attributes />
                  <data iconPath="expUi/nodes/generator.svg" iconPlugin="com.intellij" isLeaf="false" text="generator/MiniDOT/main" />
                  <item name="MiniDOT/main [generator]" type="1a1cc504:GeneratorProjectViewNode" />
                </presentation>
                <presentation>
                  <attributes />
                  <data iconPath="expui/nodes/moduleGroup.svg" iconPlugin="com.intellij" isLeaf="false" text="all models" />
                  <item name="all models" type="29437f5f:LanguageProjectViewNode$LanguageAllModelsProjectViewNode" />
                </presentation>
              </presentation>
            </presentation>
            <presentation>
              <attributes />
              <data iconPath="expui/nodes/moduleGroup.svg" iconPlugin="com.intellij" isLeaf="false" text="" />
              <item name="'Modules Pool'" type="4e60a945:TopHierarchyProjectViewNode$ModulesPoolProjectViewNode" />
            </presentation>
            <presentation>
              <attributes />
              <data iconPath="expui/fileTypes/scratches.svg" iconPlugin="com.intellij" isLeaf="false" text="" />
              <item name="'Checkpoints and Transient Models'" type="62004a8a:TopHierarchyProjectViewNode$TransientsProjectViewNode" />
              <presentation>
                <attributes />
                <data iconPath="expUi/nodes/transient.svg" iconPlugin="com.intellij" isLeaf="false" text="MiniDOT.sandbox@transient0" />
                <item name="MiniDOT.sandbox@transient0 [transient models module]" type="da8cad93:TopHierarchyProjectViewNode$TransientModuleProjectViewNode" />
                <presentation>
                  <attributes />
                  <data iconPath="expui/nodes/folder.svg" iconPlugin="com.intellij" isLeaf="false" text="MiniDOT" />
                  <item name="'MiniDOT'" type="3ff8ed02:BaseVirtualFolderProjectViewNode$ModelsVirtualFolderProjectViewNode" />
                  <presentation>
                    <attributes />
                    <data iconPath="expUi/nodes/model.svg" iconPlugin="com.intellij" isLeaf="false" text="" />
                    <item name="jetbrains.mps.generator.TransientModelsModule$TransientSModelDescriptor@7de3cb98" type="195c9b0:BranchProjectViewNode$TransientModelsVirtualFolderHierarchy$1" />
                    <presentation>
                      <attributes />
                      <data iconPath="expUi/nodes/rootNode.svg" iconPlugin="com.intellij" isLeaf="true" text="Graph" />
                      <item name="(instance of Graph)" type="dedc1bdc:SimpleNodeProjectViewNode" />
                    </presentation>
                  </presentation>
                </presentation>
              </presentation>
            </presentation>
          </presentation>
        </subPane>
      </pane>
      <pane id="Scope" />
      <pane id="FileSystem" />
    </panes>
  </component>
  <component name="ProjectViewState">
    <option name="hideEmptyMiddlePackages" value="true" />
    <option name="showLibraryContents" value="true" />
  </component>
  <component name="PropertiesComponent"><![CDATA[{
  "keyToString": {
    "RunOnceActivity.ShowReadmeOnStart": "true",
    "last_opened_file_path": "C:/Research project/MPS (old)",
    "settings.editor.selected.configurable": "preferences.lookFeel"
  }
}]]></component>
  <component name="SpellCheckerSettings" RuntimeDictionaries="0" Folders="0" CustomDictionaries="0" DefaultDictionary="application-level" UseSingleDictionary="true" transferred="true" />
  <component name="TaskManager">
    <task active="true" id="Default" summary="Default task">
      <changelist id="ad4dcfa8-4ee1-4f2c-9472-ff50018629a4" name="Changes" comment="" />
      <created>1749831926912</created>
      <option name="number" value="Default" />
      <option name="presentableId" value="Default" />
      <updated>1749831926912</updated>
    </task>
    <servers />
  </component>
  <component name="UsagesViewTool">
    <version id="1" />
    <tabs />
    <default_view_options>
      <options category_option="false" module_option="true" model_option="true" root_option="true" path_option="false" count_option="true" info_option="true" view_searched_nodes_option="true" group_searched_nodes_option="true" autoscroll_option="false" />
    </default_view_options>
  </component>
</project>